SitePlotOld,SitePlotNew
M0873,M0869
M0874,M0870
M0875,M0871
M0876,M0872
M1005,M1081
M1006,M1082
M1007,M1083
M1008,M1084
M1242,M1253
M1260,M1254
M1203,M1255
M1292,M1256
M1506,M1561
M1507,M1562
M1508,M1563
M1509,M1564
M1762,M1789
M1763,M1790
M1764,M1791
M1765,M1792
M2869,M2873
M2870,M2874
M2871,M2875
M2872,M2876
M3837,M3857
M3838,M3858
M3839,M3859
M3840,M3860
M4338,M4365
M4378,M4366
M4380,M4367
M4381,M4368
M4501,M4585
M4502,M4586
M4503,M4587
M4504,M4588
M4849,M4849
M4891,M4850
M4895,M4851
M4896,M4852
M7309,M7377
M7310,M7378
M7311,M7379
M7312,M7380
M7421,M7493
M7422,M7494
M7423,M7495
M7424,M7496
T010x,T0113
T0158,T0114
T0160,T0115
T0168,T0116
T0473,T0405
T0474,T0406
T0475,T0407
T0476,T0408
T2069,T2009
T2070,T2010
T2071,T2011
T2072,T2012
T2209,T2233
T2210,T2234
T2211,T2235
T2212,T2236
T2361,T2345
T2369,T2346
T2374,T2347
T2378,T2348
T2463,T2429
T2464,T2430
T2477,T2431
T2479,T2432
T3521,T3501
T3540,T3502
T3521,T3503
T3552,T3504
T3713,T3717
T3714,T3718
T3715,T3719
T3716,T3720
T3965,T3937
T3967,T3938
T3971,T3939
T3976,T3940
T4301,T4321
T4302,T4322
T4303,T4323
T4304,T4324
T4512,T4525
T4533,T4526
T4572,T4527
T4590,T4528
T7745,T7741
T7746,T7742
T7747,T7743
T7748,T7744
